,Position
2017-10-04 11:10:35.147500,STATE1
2017-10-04 11:11:33.948300,STATE2a
2017-10-04 11:11:34.547900,STATE2b
2017-10-04 11:11:35.148000,STATE3
2017-10-04 11:12:33.948100,STATE4a
2017-10-04 11:12:34.547600,STATE4b
2017-10-04 11:12:35.148100,STATE1
2017-10-04 11:13:33.947200,STATE2a
2017-10-04 11:13:34.547900,STATE2b
2017-10-04 11:13:35.147300,STATE3
2017-10-04 11:14:33.947300,STATE4a
2017-10-04 11:14:34.547700,STATE4b
2017-10-04 11:14:35.148000,STATE1
2017-10-04 11:15:33.948100,STATE2a
2017-10-04 11:15:34.547400,STATE2b
2017-10-04 11:15:35.147600,STATE3
2017-10-04 11:16:33.947800,STATE4a
2017-10-04 11:16:34.548100,STATE4b
2017-10-04 11:16:35.147600,STATE1
2017-10-04 11:17:33.947400,STATE2a
2017-10-04 11:17:34.548000,STATE2b
2017-10-04 11:17:35.147500,STATE3
2017-10-04 11:18:33.947200,STATE4a
2017-10-04 11:18:34.548200,STATE4b
2017-10-04 11:18:35.148100,STATE1
2017-10-04 11:19:33.947900,STATE2a
2017-10-04 11:19:34.547500,STATE2b
2017-10-04 11:19:35.148000,STATE3
2017-10-04 11:20:33.946800,STATE4a
2017-10-04 11:20:34.546900,STATE4b
2017-10-04 11:20:35.146900,STATE1
2017-10-04 11:21:33.946500,STATE2a
2017-10-04 11:21:34.547500,STATE2b
2017-10-04 11:21:35.147100,STATE3
2017-10-04 11:22:43.947000,STATE4a
2017-10-04 11:22:44.547400,STATE4b
2017-10-04 11:22:45.146600,STATE1
2017-10-04 11:23:53.946300,STATE2a
2017-10-04 11:23:54.546700,STATE2b
2017-10-04 11:23:55.146600,STATE3
2017-10-04 11:25:03.945500,STATE4a
2017-10-04 11:25:04.545900,STATE4b
2017-10-04 11:25:05.145700,STATE1
2017-10-04 11:26:13.945500,STATE2a
2017-10-04 11:26:14.546100,STATE2b
2017-10-04 11:26:15.145900,STATE3
2017-10-04 11:27:23.946100,STATE4a
2017-10-04 11:27:24.546100,STATE4b
2017-10-04 11:27:25.145500,STATE1
2017-10-04 11:28:33.944500,STATE2a
2017-10-04 11:28:34.545200,STATE2b
2017-10-04 11:28:35.145300,STATE3
2017-10-04 11:29:43.945100,STATE4a
2017-10-04 11:29:44.544700,STATE4b
2017-10-04 11:29:45.145000,STATE1
2017-10-04 11:30:53.943600,STATE2a
2017-10-04 11:30:54.543900,STATE2b
2017-10-04 11:30:55.144600,STATE3
2017-10-04 11:32:03.943400,STATE4a
2017-10-04 11:32:04.543500,STATE4b
2017-10-04 11:32:05.144100,STATE1
2017-10-04 11:33:13.943100,STATE2a
2017-10-04 11:33:14.543500,STATE2b
2017-10-04 11:33:15.143400,STATE3
2017-10-04 11:34:23.943200,STATE4a
2017-10-04 11:34:24.542400,STATE4b
2017-10-04 11:34:25.142700,STATE1
2017-10-04 11:35:33.942000,STATE2a
2017-10-04 11:35:34.542300,STATE2b
2017-10-04 11:35:35.142500,STATE3
2017-10-04 11:36:43.942300,STATE4a
2017-10-04 11:36:44.541900,STATE4b
2017-10-04 11:36:45.142400,STATE1
2017-10-04 11:37:53.941900,STATE2a
2017-10-04 11:37:54.541800,STATE2b
2017-10-04 11:37:55.141100,STATE3
2017-10-04 11:39:03.941300,STATE4a
2017-10-04 11:39:04.540900,STATE4b
2017-10-04 11:39:05.141500,STATE1
2017-10-04 11:40:13.941100,STATE2a
2017-10-04 11:40:14.540700,STATE2b
2017-10-04 11:40:15.140300,STATE3
2017-10-04 11:41:23.939800,STATE4a
2017-10-04 11:41:24.539900,STATE4b
2017-10-04 11:41:25.140400,STATE1
2017-10-04 11:42:33.940200,STATE2a
2017-10-04 11:42:34.539300,STATE2b
2017-10-04 11:42:35.139400,STATE3
2017-10-04 11:43:43.939800,STATE4a
2017-10-04 11:43:44.539300,STATE4b
2017-10-04 11:43:45.140100,STATE1
2017-10-04 11:44:53.939500,STATE2a
2017-10-04 11:44:54.538600,STATE2b
2017-10-04 11:44:55.139500,STATE3
2017-10-04 11:46:03.938600,STATE4a
2017-10-04 11:46:04.538900,STATE4b
2017-10-04 11:46:05.138600,STATE1
2017-10-04 11:47:13.938100,STATE2a
2017-10-04 11:47:14.538500,STATE2b
2017-10-04 11:47:15.138600,STATE3
2017-10-04 11:48:23.938100,STATE4a
2017-10-04 11:48:24.538100,STATE4b
2017-10-04 11:48:25.137300,STATE1
2017-10-04 11:49:33.937100,STATE2a
2017-10-04 11:49:34.537600,STATE2b
2017-10-04 11:49:35.136800,STATE3
2017-10-04 11:50:43.937000,STATE4a
2017-10-04 11:50:44.536900,STATE4b
2017-10-04 11:50:45.136700,STATE1
2017-10-04 11:51:53.935900,STATE2a
2017-10-04 11:51:54.536500,STATE2b
2017-10-04 11:51:55.136100,STATE3
2017-10-04 11:53:03.935600,STATE4a
2017-10-04 11:53:04.536400,STATE4b
2017-10-04 11:53:05.136000,STATE1
2017-10-04 11:54:13.935700,STATE2a
2017-10-04 11:54:14.535300,STATE2b
2017-10-04 11:54:15.135600,STATE3
2017-10-04 11:55:23.935500,STATE4a
2017-10-04 11:55:24.535300,STATE4b
2017-10-04 11:55:25.134700,STATE1
2017-10-04 11:56:33.934500,STATE2a
2017-10-04 11:56:34.534600,STATE2b
2017-10-04 11:56:35.134900,STATE3
2017-10-04 11:57:43.934300,STATE4a
2017-10-04 11:57:44.534200,STATE4b
2017-10-04 11:57:45.133900,STATE1
2017-10-04 11:58:53.934000,STATE2a
2017-10-04 11:58:54.533500,STATE2b
2017-10-04 11:58:55.133600,STATE3
2017-10-04 12:00:03.933000,STATE4a
2017-10-04 12:00:04.533100,STATE4b
2017-10-04 12:00:05.133200,STATE1
2017-10-04 12:01:13.933400,STATE2a
2017-10-04 12:01:14.533600,STATE2b
2017-10-04 12:01:15.132700,STATE3
2017-10-04 12:02:23.932700,STATE4a
2017-10-04 12:02:24.533000,STATE4b
2017-10-04 12:02:25.132500,STATE1
2017-10-04 12:03:33.931800,STATE2a
2017-10-04 12:03:34.532000,STATE2b
2017-10-04 12:03:35.132000,STATE3
2017-10-04 12:04:43.931300,STATE4a
2017-10-04 12:04:44.532100,STATE4b
2017-10-04 12:04:45.131300,STATE1
2017-10-04 12:05:53.930900,STATE2a
2017-10-04 12:05:54.531500,STATE2b
2017-10-04 12:05:55.131100,STATE3
2017-10-04 12:07:03.930500,STATE4a
2017-10-04 12:07:04.531100,STATE4b
2017-10-04 12:07:05.131200,STATE1
2017-10-04 12:08:13.930300,STATE2a
2017-10-04 12:08:14.530600,STATE2b
2017-10-04 12:08:15.130300,STATE3
2017-10-04 12:09:23.930500,STATE4a
2017-10-04 12:09:24.530500,STATE4b
2017-10-04 12:09:25.129700,STATE1
2017-10-04 12:10:33.929900,STATE2a
2017-10-04 12:10:34.529800,STATE2b
2017-10-04 12:10:35.129399,STATE3
2017-10-04 12:11:43.929700,STATE4a
2017-10-04 12:11:44.529700,STATE4b
2017-10-04 12:11:45.129700,STATE1
2017-10-04 12:12:53.929000,STATE2a
2017-10-04 12:12:54.529900,STATE2b
2017-10-04 12:12:55.129800,STATE3
2017-10-04 12:14:03.929700,STATE4a
2017-10-04 12:14:04.529600,STATE4b
2017-10-04 12:14:05.129399,STATE1
2017-10-04 12:15:13.929100,STATE2a
2017-10-04 12:15:14.529200,STATE2b
2017-10-04 12:15:15.128899,STATE3
2017-10-04 12:16:23.929200,STATE4a
2017-10-04 12:16:24.529800,STATE4b
2017-10-04 12:16:25.128899,STATE1
2017-10-04 12:17:33.929100,STATE2a
2017-10-04 12:17:34.529700,STATE2b
2017-10-04 12:17:35.129000,STATE3
2017-10-04 12:18:43.929700,STATE4a
2017-10-04 12:18:44.529600,STATE4b
2017-10-04 12:18:45.128899,STATE1
2017-10-04 12:19:43.929800,STATE2a
2017-10-04 12:19:44.529200,STATE2b
2017-10-04 12:19:45.129500,STATE3
2017-10-04 12:20:43.929600,STATE4a
2017-10-04 12:20:44.529900,STATE4b
2017-10-04 12:20:45.129500,STATE1
2017-10-04 12:21:43.928800,STATE2a
2017-10-04 12:21:44.528900,STATE2b
2017-10-04 12:21:45.128700,STATE3
2017-10-04 12:22:43.928500,STATE4a
2017-10-04 12:22:44.528600,STATE4b
2017-10-04 12:22:45.129099,STATE1
2017-10-04 12:23:43.928700,STATE2a
2017-10-04 12:23:44.528600,STATE2b
2017-10-04 12:23:45.128099,STATE3
2017-10-04 12:24:43.928100,STATE4a
2017-10-04 12:24:44.528000,STATE4b
2017-10-04 12:24:45.128099,STATE1
2017-10-04 12:25:43.928100,STATE2a
2017-10-04 12:25:44.528100,STATE2b
2017-10-04 12:25:45.127200,STATE3
2017-10-04 12:26:43.927700,STATE4a
2017-10-04 12:26:44.527700,STATE4b
2017-10-04 12:26:45.127300,STATE1
2017-10-04 12:27:43.927600,STATE2a
2017-10-04 12:27:44.527300,STATE2b
2017-10-04 12:27:45.127200,STATE3
2017-10-04 12:28:43.928100,STATE4a
2017-10-04 12:28:44.527100,STATE4b
2017-10-04 12:28:45.127900,STATE1
2017-10-04 12:29:43.928100,STATE2a
2017-10-04 12:29:44.527900,STATE2b
2017-10-04 12:29:45.128000,STATE3
2017-10-04 12:30:43.928100,STATE4a
2017-10-04 12:30:44.527700,STATE4b
2017-10-04 12:30:45.127900,STATE1
2017-10-04 12:31:43.928000,STATE2a
2017-10-04 12:31:44.527900,STATE2b
2017-10-04 12:31:45.128000,STATE3
2017-10-04 12:32:43.927200,STATE4a
2017-10-04 12:32:44.527500,STATE4b
2017-10-04 12:32:45.127300,STATE1
2017-10-04 12:33:43.927700,STATE2a
2017-10-04 12:33:44.527700,STATE2b
2017-10-04 12:33:45.127800,STATE3
2017-10-04 12:34:43.927800,STATE4a
2017-10-04 12:34:44.527700,STATE4b
2017-10-04 12:34:45.127400,STATE1
2017-10-04 12:35:43.928000,STATE2a
2017-10-04 12:35:44.528100,STATE2b
2017-10-04 12:35:45.127900,STATE3
2017-10-04 12:36:43.928100,STATE4a
2017-10-04 12:36:44.527600,STATE4b
2017-10-04 12:36:45.127200,STATE1
2017-10-04 12:37:43.927400,STATE2a
2017-10-04 12:37:44.527300,STATE2b
2017-10-04 12:37:45.127500,STATE3
2017-10-04 12:38:43.928000,STATE4a
2017-10-04 12:38:44.527900,STATE4b
2017-10-04 12:38:45.127099,STATE1
2017-10-04 12:39:43.927300,STATE2a
2017-10-04 12:39:44.527100,STATE2b
2017-10-04 12:39:45.127900,STATE3
2017-10-04 12:40:43.928100,STATE4a
2017-10-04 12:40:44.528100,STATE4b
2017-10-04 12:40:45.127700,STATE1
2017-10-04 12:41:43.927100,STATE2a
2017-10-04 12:41:44.527200,STATE2b
2017-10-04 12:41:45.127099,STATE3
2017-10-04 12:42:43.927100,STATE4a
2017-10-04 12:42:44.527500,STATE4b
2017-10-04 12:42:45.127200,STATE1
2017-10-04 12:43:43.926800,STATE2a
2017-10-04 12:43:44.526900,STATE2b
2017-10-04 12:43:45.126200,STATE3
2017-10-04 12:44:43.926000,STATE4a
2017-10-04 12:44:44.526500,STATE4b
2017-10-04 12:44:45.126400,STATE1
2017-10-04 12:45:43.925500,STATE2a
2017-10-04 12:45:44.525700,STATE2b
2017-10-04 12:45:45.125599,STATE3
2017-10-04 12:46:43.925700,STATE4a
2017-10-04 12:46:44.526100,STATE4b
2017-10-04 12:46:45.125700,STATE1
2017-10-04 12:47:43.925700,STATE2a
2017-10-04 12:47:44.526200,STATE2b
2017-10-04 12:47:45.126000,STATE3
2017-10-04 12:48:43.925900,STATE4a
2017-10-04 12:48:44.525400,STATE4b
2017-10-04 12:48:45.125400,STATE1
2017-10-04 12:49:43.926000,STATE2a
2017-10-04 12:49:44.526000,STATE2b
2017-10-04 12:49:45.125599,STATE3
2017-10-04 12:50:43.925600,STATE4a
2017-10-04 12:50:44.525900,STATE4b
2017-10-04 12:50:45.125400,STATE1
2017-10-04 12:51:43.926000,STATE2a
2017-10-04 12:51:44.526000,STATE2b
2017-10-04 12:51:45.125500,STATE3
2017-10-04 12:52:43.926100,STATE4a
2017-10-04 12:52:44.526200,STATE4b
2017-10-04 12:52:45.126200,STATE1
2017-10-04 12:53:43.926000,STATE2a
2017-10-04 12:53:44.525500,STATE2b
2017-10-04 12:53:45.126200,STATE3
2017-10-04 12:54:43.925800,STATE4a
2017-10-04 12:54:44.526200,STATE4b
2017-10-04 12:54:45.126200,STATE1
2017-10-04 12:55:43.925400,STATE2a
2017-10-04 12:55:44.526000,STATE2b
2017-10-04 12:55:45.125599,STATE3
2017-10-04 12:56:43.925400,STATE4a
2017-10-04 12:56:44.525000,STATE4b
2017-10-04 12:56:45.125400,STATE1
2017-10-04 12:57:43.926300,STATE2a
2017-10-04 12:57:44.525700,STATE2b
2017-10-04 12:57:45.124700,STATE3
2017-10-04 12:58:43.925100,STATE4a
2017-10-04 12:58:44.524500,STATE4b
2017-10-04 12:58:45.124400,STATE1
2017-10-04 12:59:43.924100,STATE2a
2017-10-04 12:59:44.524900,STATE2b
2017-10-04 12:59:45.124300,STATE3
2017-10-04 13:00:43.924300,STATE4a
2017-10-04 13:00:44.524200,STATE4b
2017-10-04 13:00:45.123900,STATE1
2017-10-04 13:01:43.923400,STATE2a
2017-10-04 13:01:44.523599,STATE2b
2017-10-04 13:01:45.123500,STATE3
2017-10-04 13:02:43.923500,STATE4a
2017-10-04 13:02:44.524200,STATE4b
2017-10-04 13:02:45.124000,STATE1
2017-10-04 13:03:43.924400,STATE2a
2017-10-04 13:03:44.523499,STATE2b
2017-10-04 13:03:45.123800,STATE3
2017-10-04 13:04:43.923900,STATE4a
2017-10-04 13:04:44.523499,STATE4b
2017-10-04 13:04:45.124200,STATE1
2017-10-04 13:05:43.923800,STATE2a
2017-10-04 13:05:44.523400,STATE2b
2017-10-04 13:05:45.124100,STATE3
2017-10-04 13:06:43.924400,STATE4a
2017-10-04 13:06:44.523800,STATE4b
2017-10-04 13:06:45.123700,STATE1
2017-10-04 13:07:43.923900,STATE2a
2017-10-04 13:07:44.524500,STATE2b
2017-10-04 13:07:45.124200,STATE3
2017-10-04 13:08:43.923500,STATE4a
2017-10-04 13:08:44.523800,STATE4b
2017-10-04 13:08:45.124100,STATE1
2017-10-04 13:09:43.923400,STATE2a
2017-10-04 13:09:44.524000,STATE2b
2017-10-04 13:09:45.123600,STATE3
2017-10-04 13:10:43.923900,STATE4a
2017-10-04 13:10:44.523700,STATE4b
2017-10-04 13:10:45.124000,STATE1
2017-10-04 13:11:43.923800,STATE2a
2017-10-04 13:11:44.523599,STATE2b
2017-10-04 13:11:45.123600,STATE3
2017-10-04 13:12:33.923400,STATE4a
2017-10-04 13:12:34.522900,STATE4b
2017-10-04 13:12:35.124900,STATE1
2017-10-04 13:13:23.924600,STATE2a
2017-10-04 13:13:24.523800,STATE2b
2017-10-04 13:13:25.123800,STATE3
2017-10-04 13:14:13.923500,STATE4a
2017-10-04 13:14:14.523900,STATE4b
2017-10-04 13:14:15.123900,STATE1
2017-10-04 13:15:03.923700,STATE2a
2017-10-04 13:15:04.523700,STATE2b
2017-10-04 13:15:05.123200,STATE3
2017-10-04 13:15:53.923300,STATE4a
2017-10-04 13:15:54.523000,STATE4b
2017-10-04 13:15:55.123600,STATE1
2017-10-04 13:16:43.923100,STATE2a
2017-10-04 13:16:44.522800,STATE2b
2017-10-04 13:16:45.123000,STATE3
2017-10-04 13:17:33.923200,STATE4a
2017-10-04 13:17:34.523499,STATE4b
2017-10-04 13:17:35.122800,STATE1
2017-10-04 13:18:23.922800,STATE2a
2017-10-04 13:18:24.523000,STATE2b
2017-10-04 13:18:25.123400,STATE3
2017-10-04 13:19:13.923300,STATE4a
2017-10-04 13:19:14.523100,STATE4b
2017-10-04 13:19:15.123500,STATE1
2017-10-04 13:20:03.923300,STATE2a
2017-10-04 13:20:04.522900,STATE2b
2017-10-04 13:20:05.123500,STATE3
2017-10-04 13:20:53.923200,STATE4a
2017-10-04 13:20:54.523300,STATE4b
2017-10-04 13:20:55.123000,STATE1
2017-10-04 13:21:43.923200,STATE2a
2017-10-04 13:21:44.522599,STATE2b
2017-10-04 13:21:45.123200,STATE3
2017-10-04 13:22:33.923300,STATE4a
2017-10-04 13:22:34.523499,STATE4b
2017-10-04 13:22:35.123500,STATE1
2017-10-04 13:23:23.923000,STATE2a
2017-10-04 13:23:24.523200,STATE2b
2017-10-04 13:23:25.123500,STATE3
2017-10-04 13:24:13.923200,STATE4a
2017-10-04 13:24:14.523300,STATE4b
2017-10-04 13:24:15.122700,STATE1
2017-10-04 13:25:03.922700,STATE2a
2017-10-04 13:25:04.523100,STATE2b
2017-10-04 13:25:05.123200,STATE3
2017-10-04 13:25:53.923200,STATE4a
2017-10-04 13:25:54.522700,STATE4b
2017-10-04 13:25:55.123100,STATE1
2017-10-04 13:26:43.922800,STATE2a
2017-10-04 13:26:44.522400,STATE2b
2017-10-04 13:26:45.122500,STATE3
2017-10-04 13:27:33.922300,STATE4a
2017-10-04 13:27:34.522599,STATE4b
2017-10-04 13:27:35.122900,STATE1
2017-10-04 13:28:23.922400,STATE2a
2017-10-04 13:28:24.522499,STATE2b
2017-10-04 13:28:25.122400,STATE3
2017-10-04 13:29:13.921900,STATE4a
2017-10-04 13:29:14.521900,STATE4b
2017-10-04 13:29:15.122300,STATE1
2017-10-04 13:30:03.921700,STATE2a
2017-10-04 13:30:04.521599,STATE2b
2017-10-04 13:30:05.121200,STATE3
2017-10-04 13:30:53.921000,STATE4a
2017-10-04 13:30:54.521000,STATE4b
2017-10-04 13:30:55.121100,STATE1
2017-10-04 13:31:43.920600,STATE2a
2017-10-04 13:31:44.521400,STATE2b
2017-10-04 13:31:45.121200,STATE3
2017-10-04 13:32:33.921200,STATE4a
2017-10-04 13:32:34.521100,STATE4b
2017-10-04 13:32:35.120600,STATE1
2017-10-04 13:33:23.920600,STATE2a
2017-10-04 13:33:24.520400,STATE2b
2017-10-04 13:33:25.120400,STATE3
2017-10-04 13:34:13.920200,STATE4a
2017-10-04 13:34:14.519900,STATE4b
2017-10-04 13:34:15.119600,STATE1
2017-10-04 13:35:03.920900,STATE2a
2017-10-04 13:35:04.519200,STATE2b
2017-10-04 13:35:05.119800,STATE3
2017-10-04 13:35:53.919500,STATE4a
2017-10-04 13:35:54.519100,STATE4b
2017-10-04 13:35:55.119700,STATE1
2017-10-04 13:36:43.919500,STATE2a
2017-10-04 13:36:44.519700,STATE2b
2017-10-04 13:36:45.119200,STATE3
2017-10-04 13:37:33.919100,STATE4a
2017-10-04 13:37:34.519100,STATE4b
2017-10-04 13:37:35.118500,STATE1
2017-10-04 13:38:23.918300,STATE2a
2017-10-04 13:38:24.518499,STATE2b
2017-10-04 13:38:25.118800,STATE3
2017-10-04 13:39:13.918400,STATE4a
2017-10-04 13:39:14.518499,STATE4b
2017-10-04 13:39:15.118100,STATE1
2017-10-04 13:40:03.917700,STATE2a
2017-10-04 13:40:04.518300,STATE2b
2017-10-04 13:40:05.118300,STATE3
2017-10-04 13:40:53.917800,STATE4a
2017-10-04 13:40:54.517300,STATE4b
2017-10-04 13:40:55.117200,STATE1
2017-10-04 13:41:43.917000,STATE2a
2017-10-04 13:41:44.517599,STATE2b
2017-10-04 13:41:45.116800,STATE3
2017-10-04 13:42:33.916600,STATE4a
2017-10-04 13:42:34.517200,STATE4b
2017-10-04 13:42:35.116900,STATE1
2017-10-04 13:43:23.916900,STATE2a
2017-10-04 13:43:24.516900,STATE2b
2017-10-04 13:43:25.116300,STATE3
2017-10-04 13:44:13.916100,STATE4a
2017-10-04 13:44:14.515900,STATE4b
2017-10-04 13:44:15.116600,STATE1
2017-10-04 13:45:03.915700,STATE2a
2017-10-04 13:45:04.515599,STATE2b
2017-10-04 13:45:05.116200,STATE3
2017-10-04 13:45:53.915800,STATE4a
2017-10-04 13:45:54.516300,STATE4b
2017-10-04 13:45:55.115500,STATE1
2017-10-04 13:46:43.915900,STATE2a
2017-10-04 13:46:44.515700,STATE2b
2017-10-04 13:46:45.115200,STATE3
2017-10-04 13:47:33.915000,STATE4a
2017-10-04 13:47:34.514900,STATE4b
2017-10-04 13:47:35.115100,STATE1
2017-10-04 13:48:23.914400,STATE2a
2017-10-04 13:48:24.515200,STATE2b
2017-10-04 13:48:25.115000,STATE3
2017-10-04 13:48:58.914800,STATE4a
2017-10-04 13:48:59.514200,STATE4b
2017-10-04 13:49:00.115000,STATE1
2017-10-04 13:49:33.914000,STATE2a
2017-10-04 13:49:34.514700,STATE2b
2017-10-04 13:49:35.114600,STATE3
2017-10-04 13:50:08.914500,STATE4a
2017-10-04 13:50:09.514599,STATE4b
2017-10-04 13:50:10.114300,STATE1
2017-10-04 13:50:43.914000,STATE2a
2017-10-04 13:50:44.513499,STATE2b
2017-10-04 13:50:45.114000,STATE3
2017-10-04 13:51:18.913700,STATE4a
2017-10-04 13:51:19.513700,STATE4b
2017-10-04 13:51:20.114000,STATE1
2017-10-04 13:51:53.913800,STATE2a
2017-10-04 13:51:54.514000,STATE2b
2017-10-04 13:51:55.114000,STATE3
2017-10-04 13:52:28.913700,STATE4a
2017-10-04 13:52:29.513100,STATE4b
2017-10-04 13:52:30.113200,STATE1
2017-10-04 13:53:03.912700,STATE2a
2017-10-04 13:53:04.512599,STATE2b
2017-10-04 13:53:05.113200,STATE3
2017-10-04 13:53:38.913000,STATE4a
2017-10-04 13:53:39.513000,STATE4b
2017-10-04 13:53:40.112600,STATE1
2017-10-04 13:54:13.912400,STATE2a
2017-10-04 13:54:14.512499,STATE2b
2017-10-04 13:54:15.112700,STATE3
2017-10-04 13:54:48.912400,STATE4a
2017-10-04 13:54:49.512200,STATE4b
2017-10-04 13:54:50.112100,STATE1
2017-10-04 13:55:23.912800,STATE2a
2017-10-04 13:55:24.512100,STATE2b
2017-10-04 13:55:25.112000,STATE3
2017-10-04 13:55:58.911800,STATE4a
2017-10-04 13:55:59.512700,STATE4b
2017-10-04 13:56:00.111800,STATE1
2017-10-04 13:56:33.912200,STATE2a
2017-10-04 13:56:34.511499,STATE2b
2017-10-04 13:56:35.112000,STATE3
2017-10-04 13:57:08.911700,STATE4a
2017-10-04 13:57:09.511200,STATE4b
2017-10-04 13:57:10.111400,STATE1
2017-10-04 13:57:43.911000,STATE2a
2017-10-04 13:57:44.511300,STATE2b
2017-10-04 13:57:45.111200,STATE3
2017-10-04 13:58:18.911600,STATE4a
2017-10-04 13:58:19.511100,STATE4b
2017-10-04 13:58:20.111400,STATE1
2017-10-04 13:58:53.910500,STATE2a
2017-10-04 13:58:54.511000,STATE2b
2017-10-04 13:58:55.110600,STATE3
2017-10-04 13:59:28.910900,STATE4a
2017-10-04 13:59:29.510399,STATE4b
2017-10-04 13:59:30.110500,STATE1
2017-10-04 14:00:03.911100,STATE2a
2017-10-04 14:00:04.511800,STATE2b
2017-10-04 14:00:05.110900,STATE3
2017-10-04 14:00:38.910500,STATE4a
2017-10-04 14:00:39.510200,STATE4b
2017-10-04 14:00:40.110700,STATE1
2017-10-04 14:01:13.909800,STATE2a
2017-10-04 14:01:14.510499,STATE2b
2017-10-04 14:01:15.109700,STATE3
2017-10-04 14:01:48.910500,STATE4a
2017-10-04 14:01:49.509499,STATE4b
2017-10-04 14:01:50.109800,STATE1
2017-10-04 14:02:23.909400,STATE2a
2017-10-04 14:02:24.510000,STATE2b
2017-10-04 14:02:25.109600,STATE3
2017-10-04 14:02:58.909500,STATE4a
2017-10-04 14:02:59.509900,STATE4b
2017-10-04 14:03:00.109600,STATE1
2017-10-04 14:03:33.909700,STATE2a
2017-10-04 14:03:34.510100,STATE2b
2017-10-04 14:03:35.110000,STATE3
2017-10-04 14:04:08.909700,STATE4a
2017-10-04 14:04:09.510000,STATE4b
2017-10-04 14:04:10.109500,STATE1
2017-10-04 14:04:43.910000,STATE2a
2017-10-04 14:04:44.509300,STATE2b
2017-10-04 14:04:45.109900,STATE3
2017-10-04 14:05:18.910000,STATE4a
2017-10-04 14:05:19.509200,STATE4b
2017-10-04 14:05:20.109500,STATE1
2017-10-04 14:05:53.910100,STATE2a
2017-10-04 14:05:54.509900,STATE2b
2017-10-04 14:05:55.109900,STATE3
2017-10-04 14:06:28.910100,STATE4a
2017-10-04 14:06:29.509499,STATE4b
2017-10-04 14:06:30.109100,STATE1
2017-10-04 14:07:03.910000,STATE2a
2017-10-04 14:07:04.510200,STATE2b
2017-10-04 14:07:05.109800,STATE3
2017-10-04 14:07:38.909200,STATE4a
2017-10-04 14:07:39.510100,STATE4b
2017-10-04 14:07:40.109400,STATE1
2017-10-04 14:08:13.909300,STATE2a
2017-10-04 14:08:14.509600,STATE2b
2017-10-04 14:08:15.109200,STATE3
2017-10-04 14:08:48.909100,STATE4a
2017-10-04 14:08:49.509300,STATE4b
2017-10-04 14:08:50.110000,STATE1
2017-10-04 14:09:23.909400,STATE2a
2017-10-04 14:09:24.510200,STATE2b
2017-10-04 14:09:25.109800,STATE3
2017-10-04 14:09:58.909700,STATE4a
2017-10-04 14:09:59.510000,STATE4b
2017-10-04 14:10:00.109100,STATE1
2017-10-04 14:10:33.909800,STATE2a
2017-10-04 14:10:34.509200,STATE2b
2017-10-04 14:10:35.109200,STATE3
2017-10-04 14:11:08.909200,STATE4a
2017-10-04 14:11:09.509499,STATE4b
2017-10-04 14:11:10.109500,STATE1
2017-10-04 14:11:43.910600,STATE2a
2017-10-04 14:11:44.509499,STATE2b
2017-10-04 14:11:45.109800,STATE3
2017-10-04 14:12:18.909300,STATE4a
2017-10-04 14:12:19.509800,STATE4b
2017-10-04 14:12:20.109200,STATE1
2017-10-04 14:12:53.910000,STATE2a
2017-10-04 14:12:54.509300,STATE2b
2017-10-04 14:12:55.109600,STATE3
2017-10-04 14:13:28.909200,STATE4a
2017-10-04 14:13:29.509900,STATE4b
2017-10-04 14:13:30.109500,STATE1
2017-10-04 14:14:03.909600,STATE2a
2017-10-04 14:14:04.509700,STATE2b
2017-10-04 14:14:05.109700,STATE3
2017-10-04 14:14:38.909900,STATE4a
2017-10-04 14:14:39.509800,STATE4b
2017-10-04 14:14:40.109400,STATE1
2017-10-04 14:15:13.909400,STATE2a
2017-10-04 14:15:14.509700,STATE2b
2017-10-04 14:15:15.109400,STATE3
2017-10-04 14:15:48.909400,STATE4a
2017-10-04 14:15:49.509200,STATE4b
2017-10-04 14:15:50.109500,STATE1
2017-10-04 14:16:23.909900,STATE2a
2017-10-04 14:16:24.509700,STATE2b
2017-10-04 14:16:25.109300,STATE3
2017-10-04 14:16:58.910000,STATE4a
2017-10-04 14:16:59.509600,STATE4b
2017-10-04 14:17:00.109200,STATE1
2017-10-04 14:17:33.909400,STATE2a
2017-10-04 14:17:34.510200,STATE2b
2017-10-04 14:17:35.109300,STATE3
2017-10-04 14:18:08.909100,STATE4a
2017-10-04 14:18:09.509399,STATE4b
2017-10-04 14:18:10.109100,STATE1
2017-10-04 14:18:43.908800,STATE2a
2017-10-04 14:18:44.508700,STATE2b
2017-10-04 14:18:45.109400,STATE3
2017-10-04 14:19:18.909100,STATE4a
2017-10-04 14:19:19.508700,STATE4b
2017-10-04 14:19:20.109300,STATE1
2017-10-04 14:19:53.908300,STATE2a
2017-10-04 14:19:54.508300,STATE2b
2017-10-04 14:19:55.109000,STATE3
2017-10-04 14:20:28.909100,STATE4a
2017-10-04 14:20:29.509000,STATE4b
2017-10-04 14:20:30.108400,STATE1
2017-10-04 14:21:03.908600,STATE2a
2017-10-04 14:21:04.508700,STATE2b
2017-10-04 14:21:05.108800,STATE3
2017-10-04 14:21:38.907900,STATE4a
2017-10-04 14:21:39.508300,STATE4b
2017-10-04 14:21:40.108400,STATE1
2017-10-04 14:22:03.908200,STATE2a
2017-10-04 14:22:04.508200,STATE2b
2017-10-04 14:22:05.108300,STATE3
2017-10-04 14:22:28.908000,STATE4a
2017-10-04 14:22:29.508000,STATE4b
2017-10-04 14:22:30.108000,STATE1
2017-10-04 14:22:53.907500,STATE2a
2017-10-04 14:22:54.507700,STATE2b
2017-10-04 14:22:55.108000,STATE3
2017-10-04 14:23:18.907900,STATE4a
2017-10-04 14:23:19.507399,STATE4b
2017-10-04 14:23:20.107700,STATE1
2017-10-04 14:23:43.907900,STATE2a
2017-10-04 14:23:44.507499,STATE2b
2017-10-04 14:23:45.107400,STATE3
2017-10-04 14:24:08.907600,STATE4a
2017-10-04 14:24:09.508000,STATE4b
2017-10-04 14:24:10.108100,STATE1
2017-10-04 14:24:33.908000,STATE2a
2017-10-04 14:24:34.507700,STATE2b
2017-10-04 14:24:35.107300,STATE3
2017-10-04 14:24:58.907800,STATE4a
2017-10-04 14:24:59.507900,STATE4b
2017-10-04 14:25:00.108000,STATE1
2017-10-04 14:25:23.907400,STATE2a
2017-10-04 14:25:24.507300,STATE2b
2017-10-04 14:25:25.108000,STATE3
2017-10-04 14:25:48.908200,STATE4a
2017-10-04 14:25:49.507499,STATE4b
2017-10-04 14:25:50.108000,STATE1
2017-10-04 14:26:13.907900,STATE2a
2017-10-04 14:26:14.508100,STATE2b
2017-10-04 14:26:15.107600,STATE3
2017-10-04 14:26:38.907700,STATE4a
2017-10-04 14:26:39.507600,STATE4b
2017-10-04 14:26:40.107800,STATE1
2017-10-04 14:27:03.908100,STATE2a
2017-10-04 14:27:04.508399,STATE2b
2017-10-04 14:27:05.108200,STATE3
2017-10-04 14:27:28.907500,STATE4a
2017-10-04 14:27:29.508000,STATE4b
2017-10-04 14:27:30.108100,STATE1
2017-10-04 14:27:53.907400,STATE2a
2017-10-04 14:27:54.507399,STATE2b
2017-10-04 14:27:55.107600,STATE3
2017-10-04 14:28:18.907300,STATE4a
2017-10-04 14:28:19.507499,STATE4b
2017-10-04 14:28:20.108000,STATE1
2017-10-04 14:28:43.907300,STATE2a
2017-10-04 14:28:44.507499,STATE2b
2017-10-04 14:28:45.107300,STATE3
2017-10-04 14:29:08.908900,STATE4a
2017-10-04 14:29:09.507499,STATE4b
2017-10-04 14:29:10.108200,STATE1
2017-10-04 14:29:33.907500,STATE2a
2017-10-04 14:29:34.508200,STATE2b
2017-10-04 14:29:35.108000,STATE3
2017-10-04 14:29:58.908100,STATE4a
2017-10-04 14:29:59.508200,STATE4b
2017-10-04 14:30:00.107400,STATE1
2017-10-04 14:30:23.907300,STATE2a
2017-10-04 14:30:24.508100,STATE2b
2017-10-04 14:30:25.108200,STATE3
2017-10-04 14:30:48.907900,STATE4a
2017-10-04 14:30:49.507399,STATE4b
2017-10-04 14:30:50.107800,STATE1
2017-10-04 14:31:13.907300,STATE2a
2017-10-04 14:31:14.508000,STATE2b
2017-10-04 14:31:15.107300,STATE3
2017-10-04 14:31:38.907700,STATE4a
2017-10-04 14:31:39.507700,STATE4b
2017-10-04 14:31:40.107400,STATE1
2017-10-04 14:32:03.908100,STATE2a
2017-10-04 14:32:04.507700,STATE2b
2017-10-04 14:32:05.107400,STATE3
2017-10-04 14:32:28.908200,STATE4a
2017-10-04 14:32:29.507399,STATE4b
2017-10-04 14:32:30.107700,STATE1
2017-10-04 14:32:53.907900,STATE2a
2017-10-04 14:32:54.507200,STATE2b
2017-10-04 14:32:55.107300,STATE3
2017-10-04 14:33:18.908000,STATE4a
2017-10-04 14:33:19.507800,STATE4b
2017-10-04 14:33:20.107900,STATE1
2017-10-04 14:33:43.908000,STATE2a
2017-10-04 14:33:44.507000,STATE2b
2017-10-04 14:33:45.107200,STATE3
2017-10-04 14:34:08.907200,STATE4a
2017-10-04 14:34:09.506800,STATE4b
2017-10-04 14:34:10.106800,STATE1
2017-10-04 14:34:33.907500,STATE2a
2017-10-04 14:34:34.506600,STATE2b
2017-10-04 14:34:35.107600,STATE3
2017-10-04 14:34:58.907100,STATE4a
2017-10-04 14:34:59.506600,STATE4b
2017-10-04 14:35:00.106400,STATE1
2017-10-04 14:35:23.907100,STATE2a
2017-10-04 14:35:24.506900,STATE2b
2017-10-04 14:35:25.106400,STATE3
2017-10-04 14:35:48.907100,STATE4a
2017-10-04 14:35:49.507000,STATE4b
2017-10-04 14:35:50.107000,STATE1
2017-10-04 14:36:13.906500,STATE2a
2017-10-04 14:36:14.506600,STATE2b
2017-10-04 14:36:15.106700,STATE3
2017-10-04 14:36:38.906100,STATE4a
2017-10-04 14:36:39.506200,STATE4b
2017-10-04 14:36:40.105900,STATE1
2017-10-04 14:37:03.905900,STATE2a
2017-10-04 14:37:04.505800,STATE2b
2017-10-04 14:37:05.106000,STATE3
2017-10-04 14:37:28.905700,STATE4a
2017-10-04 14:37:29.506300,STATE4b
2017-10-04 14:37:30.106400,STATE1
2017-10-04 14:37:53.905500,STATE2a
2017-10-04 14:37:54.506100,STATE2b
2017-10-04 14:37:55.106100,STATE3
2017-10-04 14:38:18.905600,STATE4a
2017-10-04 14:38:19.505700,STATE4b
2017-10-04 14:38:20.106000,STATE1
2017-10-04 14:38:43.905400,STATE2a
2017-10-04 14:38:44.506200,STATE2b
2017-10-04 14:38:45.106000,STATE3
2017-10-04 14:39:08.906000,STATE4a
2017-10-04 14:39:09.505700,STATE4b
2017-10-04 14:39:10.105500,STATE1
2017-10-04 14:39:33.905600,STATE2a
2017-10-04 14:39:34.505900,STATE2b
2017-10-04 14:39:35.105900,STATE3
2017-10-04 14:39:58.905600,STATE4a
2017-10-04 14:39:59.506100,STATE4b
2017-10-04 14:40:00.105800,STATE1
2017-10-04 14:40:23.905700,STATE2a
2017-10-04 14:40:24.505900,STATE2b
2017-10-04 14:40:25.105900,STATE3
2017-10-04 14:40:48.905700,STATE4a
2017-10-04 14:40:49.505499,STATE4b
2017-10-04 14:40:50.105700,STATE1
2017-10-04 14:41:13.905600,STATE2a
2017-10-04 14:41:14.506000,STATE2b
2017-10-04 14:41:15.105600,STATE3
2017-10-04 14:41:38.905900,STATE4a
2017-10-04 14:41:39.505600,STATE4b
2017-10-04 14:41:40.106300,STATE1
2017-10-04 14:42:03.906200,STATE2a
2017-10-04 14:42:04.505700,STATE2b
2017-10-04 14:42:05.106100,STATE3
2017-10-04 14:42:28.906100,STATE4a
2017-10-04 14:42:29.505499,STATE4b
2017-10-04 14:42:30.105500,STATE1
2017-10-04 14:42:53.905500,STATE2a
2017-10-04 14:42:54.505700,STATE2b
2017-10-04 14:42:55.106100,STATE3
2017-10-04 14:43:18.905500,STATE4a
2017-10-04 14:43:19.505800,STATE4b
2017-10-04 14:43:20.106100,STATE1
2017-10-04 14:43:43.905700,STATE2a
2017-10-04 14:43:44.505800,STATE2b
2017-10-04 14:43:45.106200,STATE3
2017-10-04 14:44:08.906100,STATE4a
2017-10-04 14:44:09.505700,STATE4b
2017-10-04 14:44:10.106400,STATE1
2017-10-04 14:44:33.905600,STATE2a
2017-10-04 14:44:34.505499,STATE2b
2017-10-04 14:44:35.106100,STATE3
2017-10-04 14:44:58.905600,STATE4a
2017-10-04 14:44:59.505499,STATE4b
2017-10-04 14:45:00.105700,STATE1
2017-10-04 14:45:23.906000,STATE2a
2017-10-04 14:45:24.505900,STATE2b
2017-10-04 14:45:25.106200,STATE3
2017-10-04 14:45:48.906300,STATE4a
2017-10-04 14:45:49.505900,STATE4b
2017-10-04 14:45:50.105800,STATE1
2017-10-04 14:46:13.906600,STATE2a
2017-10-04 14:46:14.505700,STATE2b
2017-10-04 14:46:15.105500,STATE3
2017-10-04 14:46:38.905700,STATE4a
2017-10-04 14:46:39.505900,STATE4b
2017-10-04 14:46:40.105600,STATE1
2017-10-04 14:47:03.906100,STATE2a
2017-10-04 14:47:04.506100,STATE2b
2017-10-04 14:47:05.105800,STATE3
2017-10-04 14:47:28.906500,STATE4a
2017-10-04 14:47:29.505700,STATE4b
2017-10-04 14:47:30.106300,STATE1
2017-10-04 14:47:53.905500,STATE2a
2017-10-04 14:47:54.505800,STATE2b
2017-10-04 14:47:55.105500,STATE3
2017-10-04 14:48:18.906200,STATE4a
2017-10-04 14:48:19.505700,STATE4b
2017-10-04 14:48:20.106400,STATE1
2017-10-04 14:48:43.905900,STATE2a
2017-10-04 14:48:44.506399,STATE2b
2017-10-04 14:48:45.105500,STATE3
2017-10-04 14:49:08.905900,STATE4a
2017-10-04 14:49:09.505900,STATE4b
2017-10-04 14:49:10.106000,STATE1
2017-10-04 14:49:33.906300,STATE2a
2017-10-04 14:49:34.506100,STATE2b
2017-10-04 14:49:35.106400,STATE3
2017-10-04 14:49:58.905500,STATE4a
2017-10-04 14:49:59.505499,STATE4b
2017-10-04 14:50:00.106000,STATE1
2017-10-04 14:50:23.905700,STATE2a
2017-10-04 14:50:24.505700,STATE2b
2017-10-04 14:50:25.106000,STATE3
2017-10-04 14:50:48.905600,STATE4a
2017-10-04 14:50:49.506200,STATE4b
2017-10-04 14:50:50.105800,STATE1
2017-10-04 14:51:13.905600,STATE2a
2017-10-04 14:51:14.506499,STATE2b
2017-10-04 14:51:15.105500,STATE3
2017-10-04 14:51:28.906000,STATE4a
2017-10-04 14:51:29.506200,STATE4b
2017-10-04 14:51:30.106400,STATE1
2017-10-04 14:51:43.906400,STATE2a
2017-10-04 14:51:44.506100,STATE2b
2017-10-04 14:51:45.106300,STATE3
2017-10-04 14:51:58.906100,STATE4a
2017-10-04 14:51:59.505499,STATE4b
2017-10-04 14:52:00.105900,STATE1
2017-10-04 14:52:13.905800,STATE2a
2017-10-04 14:52:14.505600,STATE2b
2017-10-04 14:52:15.105500,STATE3
2017-10-04 14:52:28.906100,STATE4a
2017-10-04 14:52:29.505900,STATE4b
2017-10-04 14:52:30.106200,STATE1
2017-10-04 14:52:43.905700,STATE2a
2017-10-04 14:52:44.505800,STATE2b
2017-10-04 14:52:45.105700,STATE3
2017-10-04 14:52:58.905500,STATE4a
2017-10-04 14:52:59.505399,STATE4b
2017-10-04 14:53:00.105800,STATE1
2017-10-04 14:53:13.905900,STATE2a
2017-10-04 14:53:14.505600,STATE2b
2017-10-04 14:53:15.105300,STATE3
2017-10-04 14:53:28.905600,STATE4a
2017-10-04 14:53:29.505499,STATE4b
2017-10-04 14:53:30.105700,STATE1
2017-10-04 14:53:43.905300,STATE2a
2017-10-04 14:53:44.505600,STATE2b
2017-10-04 14:53:45.105100,STATE3
2017-10-04 14:53:58.905800,STATE4a
2017-10-04 14:53:59.505900,STATE4b
2017-10-04 14:54:00.105000,STATE1
2017-10-04 14:54:13.905500,STATE2a
2017-10-04 14:54:14.505800,STATE2b
2017-10-04 14:54:15.105700,STATE3
2017-10-04 14:54:28.905100,STATE4a
2017-10-04 14:54:29.504800,STATE4b
2017-10-04 14:54:30.104900,STATE1
2017-10-04 14:54:43.904900,STATE2a
2017-10-04 14:54:44.504700,STATE2b
2017-10-04 14:54:45.105300,STATE3
2017-10-04 14:54:58.905200,STATE4a
2017-10-04 14:54:59.505100,STATE4b
2017-10-04 14:55:00.105600,STATE1
2017-10-04 14:55:13.905500,STATE2a
2017-10-04 14:55:14.504700,STATE2b
2017-10-04 14:55:15.104700,STATE3
2017-10-04 14:55:28.904600,STATE4a
2017-10-04 14:55:29.504600,STATE4b
2017-10-04 14:55:30.104700,STATE1
2017-10-04 14:55:43.904600,STATE2a
2017-10-04 14:55:44.504600,STATE2b
2017-10-04 14:55:45.105300,STATE3
2017-10-04 14:55:58.905100,STATE4a
2017-10-04 14:55:59.505200,STATE4b
2017-10-04 14:56:00.104400,STATE1
2017-10-04 14:56:13.904400,STATE2a
2017-10-04 14:56:14.504600,STATE2b
2017-10-04 14:56:15.105000,STATE3
2017-10-04 14:56:28.904200,STATE4a
2017-10-04 14:56:29.505000,STATE4b
2017-10-04 14:56:30.104300,STATE1
2017-10-04 14:56:43.904400,STATE2a
2017-10-04 14:56:44.504600,STATE2b
2017-10-04 14:56:45.104700,STATE3
2017-10-04 14:56:58.904500,STATE4a
2017-10-04 14:56:59.504700,STATE4b
2017-10-04 14:57:00.104500,STATE1
2017-10-04 14:57:13.903900,STATE2a
2017-10-04 14:57:14.503800,STATE2b
2017-10-04 14:57:15.104600,STATE3
2017-10-04 14:57:28.904000,STATE4a
2017-10-04 14:57:29.504399,STATE4b
2017-10-04 14:57:30.104200,STATE1
2017-10-04 14:57:43.904200,STATE2a
2017-10-04 14:57:44.504600,STATE2b
2017-10-04 14:57:45.103800,STATE3
2017-10-04 14:57:58.904700,STATE4a
2017-10-04 14:57:59.504600,STATE4b
2017-10-04 14:58:00.103700,STATE1
2017-10-04 14:58:13.904000,STATE2a
2017-10-04 14:58:14.504499,STATE2b
2017-10-04 14:58:15.103800,STATE3
2017-10-04 14:58:28.903700,STATE4a
2017-10-04 14:58:29.503900,STATE4b
2017-10-04 14:58:30.104300,STATE1
2017-10-04 14:58:43.904500,STATE2a
2017-10-04 14:58:44.504000,STATE2b
2017-10-04 14:58:45.104000,STATE3
2017-10-04 14:58:58.904000,STATE4a
2017-10-04 14:58:59.504399,STATE4b
2017-10-04 14:59:00.104400,STATE1
2017-10-04 14:59:13.904400,STATE2a
2017-10-04 14:59:14.504299,STATE2b
2017-10-04 14:59:15.104400,STATE3
2017-10-04 14:59:28.903700,STATE4a
2017-10-04 14:59:29.503700,STATE4b
2017-10-04 14:59:30.103900,STATE1
2017-10-04 14:59:43.904500,STATE2a
2017-10-04 14:59:44.504100,STATE2b
2017-10-04 14:59:45.104300,STATE3
2017-10-04 14:59:58.903900,STATE4a
2017-10-04 14:59:59.504000,STATE4b
2017-10-04 15:00:00.103900,STATE1
2017-10-04 15:00:13.904000,STATE2a
2017-10-04 15:00:14.504200,STATE2b
2017-10-04 15:00:15.104100,STATE3
2017-10-04 15:00:28.903800,STATE4a
2017-10-04 15:00:29.504100,STATE4b
2017-10-04 15:00:30.104200,STATE1
2017-10-04 15:00:43.903700,STATE2a
2017-10-04 15:00:44.503800,STATE2b
2017-10-04 15:00:45.103900,STATE3
2017-10-04 15:00:58.903800,STATE4a
2017-10-04 15:00:59.504600,STATE4b
2017-10-04 15:01:00.104300,STATE1
2017-10-04 15:01:13.904500,STATE2a
2017-10-04 15:01:14.504499,STATE2b
2017-10-04 15:01:15.103700,STATE3
2017-10-04 15:01:28.903700,STATE4a
2017-10-04 15:01:29.504399,STATE4b
2017-10-04 15:01:30.104400,STATE1
2017-10-04 15:01:43.903900,STATE2a
2017-10-04 15:01:44.503600,STATE2b
2017-10-04 15:01:45.103700,STATE3
2017-10-04 15:01:58.904400,STATE4a
2017-10-04 15:01:59.503800,STATE4b
2017-10-04 15:02:00.104000,STATE1
2017-10-04 15:02:13.904200,STATE2a
2017-10-04 15:02:14.504299,STATE2b
2017-10-04 15:02:15.104000,STATE3
2017-10-04 15:02:28.903700,STATE4a
2017-10-04 15:02:29.503900,STATE4b
2017-10-04 15:02:30.103700,STATE1
2017-10-04 15:02:43.904200,STATE2a
2017-10-04 15:02:44.504499,STATE2b
2017-10-04 15:02:45.103800,STATE3
2017-10-04 15:02:58.903700,STATE4a
2017-10-04 15:02:59.504000,STATE4b
2017-10-04 15:03:00.104500,STATE1
2017-10-04 15:03:13.904400,STATE2a
2017-10-04 15:03:14.504200,STATE2b
2017-10-04 15:03:15.103700,STATE3
2017-10-04 15:03:28.903900,STATE4a
2017-10-04 15:03:29.504499,STATE4b
2017-10-04 15:03:30.104500,STATE1
2017-10-04 15:03:43.904100,STATE2a
2017-10-04 15:03:44.504600,STATE2b
2017-10-04 15:03:45.104300,STATE3
2017-10-04 15:03:58.904100,STATE4a
2017-10-04 15:03:59.503900,STATE4b
2017-10-04 15:04:00.104500,STATE1
2017-10-04 15:04:13.903700,STATE2a
2017-10-04 15:04:14.504299,STATE2b
2017-10-04 15:04:15.104700,STATE3
2017-10-04 15:04:28.904400,STATE4a
2017-10-04 15:04:29.504600,STATE4b
2017-10-04 15:04:30.103900,STATE1
2017-10-04 15:04:43.904600,STATE2a
2017-10-04 15:04:44.503800,STATE2b
2017-10-04 15:04:45.104600,STATE3
2017-10-04 15:04:58.904600,STATE4a
2017-10-04 15:04:59.503700,STATE4b
2017-10-04 15:05:00.104000,STATE1
2017-10-04 15:05:13.904600,STATE2a
2017-10-04 15:05:14.503600,STATE2b
2017-10-04 15:05:15.103700,STATE3
2017-10-04 15:05:28.904200,STATE4a
2017-10-04 15:05:29.504299,STATE4b
2017-10-04 15:05:30.104200,STATE1
2017-10-04 15:05:43.904300,STATE2a
2017-10-04 15:05:44.503700,STATE2b
2017-10-04 15:05:45.104600,STATE3
2017-10-04 15:05:58.904300,STATE4a
2017-10-04 15:05:59.503800,STATE4b
2017-10-04 15:06:00.104100,STATE1
2017-10-04 15:06:13.904600,STATE2a
2017-10-04 15:06:14.504100,STATE2b
2017-10-04 15:06:15.103700,STATE3
2017-10-04 15:06:28.903800,STATE4a
2017-10-04 15:06:29.503700,STATE4b
2017-10-04 15:06:30.103700,STATE1
2017-10-04 15:06:43.904300,STATE2a
2017-10-04 15:06:44.503700,STATE2b
2017-10-04 15:06:45.104200,STATE3
2017-10-04 15:06:58.904500,STATE4a
2017-10-04 15:06:59.504499,STATE4b
2017-10-04 15:07:00.104200,STATE1
2017-10-04 15:07:13.904500,STATE2a
2017-10-04 15:07:14.503700,STATE2b
2017-10-04 15:07:15.103700,STATE3
2017-10-04 15:07:28.904200,STATE4a
2017-10-04 15:07:29.503700,STATE4b
2017-10-04 15:07:30.103700,STATE1
2017-10-04 15:07:43.903700,STATE2a
2017-10-04 15:07:44.504399,STATE2b
2017-10-04 15:07:45.103700,STATE3
2017-10-04 15:07:58.904200,STATE4a
2017-10-04 15:07:59.504600,STATE4b
2017-10-04 15:08:00.104200,STATE1
2017-10-04 15:08:13.904000,STATE2a
2017-10-04 15:08:14.504100,STATE2b
2017-10-04 15:08:15.104000,STATE3
2017-10-04 15:08:28.903800,STATE4a
2017-10-04 15:08:29.504000,STATE4b
2017-10-04 15:08:30.103400,STATE1
2017-10-04 15:08:43.903500,STATE2a
2017-10-04 15:08:44.503299,STATE2b
2017-10-04 15:08:45.103900,STATE3
2017-10-04 15:08:58.903800,STATE4a
2017-10-04 15:08:59.503299,STATE4b
2017-10-04 15:09:00.103700,STATE1
2017-10-04 15:09:13.904400,STATE2a
2017-10-04 15:09:14.503100,STATE2b
2017-10-04 15:09:15.104000,STATE3
2017-10-04 15:09:28.903700,STATE4a
2017-10-04 15:09:29.503600,STATE4b
2017-10-04 15:09:30.103900,STATE1
2017-10-04 15:09:43.902900,STATE2a
2017-10-04 15:09:44.503000,STATE2b
2017-10-04 15:09:45.103000,STATE3
2017-10-04 15:09:58.903500,STATE4a
2017-10-04 15:09:59.503200,STATE4b
2017-10-04 15:10:00.103400,STATE1
2017-10-04 15:10:13.903900,STATE2a
2017-10-04 15:10:14.503600,STATE2b
2017-10-04 15:10:15.103300,STATE3
2017-10-04 15:10:28.903200,STATE4a
2017-10-04 15:10:29.502800,STATE4b
2017-10-04 15:10:30.103200,STATE1
2017-10-04 15:10:43.903400,STATE2a
2017-10-04 15:10:44.503499,STATE2b
2017-10-04 15:10:45.103400,STATE3
2017-10-04 15:10:58.903100,STATE4a
2017-10-04 15:10:59.502600,STATE4b
2017-10-04 15:11:00.103600,STATE1
2017-10-04 15:11:13.902900,STATE2a
2017-10-04 15:11:14.502399,STATE2b
2017-10-04 15:11:15.102900,STATE3
2017-10-04 15:11:28.902900,STATE4a
2017-10-04 15:11:29.503000,STATE4b
2017-10-04 15:11:30.103900,STATE1
2017-10-04 15:11:43.904600,STATE2a
2017-10-04 15:11:44.504299,STATE2b
2017-10-04 15:11:45.103300,STATE3
2017-10-04 15:11:58.904200,STATE4a
2017-10-04 15:11:59.503100,STATE4b
2017-10-04 15:12:00.104000,STATE1
2017-10-04 15:12:13.903800,STATE2a
2017-10-04 15:12:14.504200,STATE2b
2017-10-04 15:12:15.103600,STATE3
2017-10-04 15:12:28.903600,STATE4a
2017-10-04 15:12:29.503800,STATE4b
2017-10-04 15:12:30.104000,STATE1
2017-10-04 15:12:43.903000,STATE2a
2017-10-04 15:12:44.504100,STATE2b
2017-10-04 15:12:45.103500,STATE3
2017-10-04 15:12:58.903400,STATE4a
2017-10-04 15:12:59.503600,STATE4b
2017-10-04 15:13:00.102900,STATE1
2017-10-04 15:13:13.903400,STATE2a
2017-10-04 15:13:14.503100,STATE2b
2017-10-04 15:13:15.103400,STATE3
2017-10-04 15:13:28.903400,STATE4a
2017-10-04 15:13:29.504100,STATE4b
2017-10-04 15:13:30.103900,STATE1
2017-10-04 15:13:43.904400,STATE2a
2017-10-04 15:13:44.503800,STATE2b
2017-10-04 15:13:45.104400,STATE3
2017-10-04 15:13:58.904800,STATE4a
2017-10-04 15:13:59.504499,STATE4b
2017-10-04 15:14:00.105400,STATE1
2017-10-04 15:14:13.904900,STATE2a
2017-10-04 15:14:14.504800,STATE2b
2017-10-04 15:14:15.104800,STATE3
2017-10-04 15:14:28.904900,STATE4a
2017-10-04 15:14:29.505499,STATE4b
2017-10-04 15:14:30.105600,STATE1
2017-10-04 15:14:43.905400,STATE2a
2017-10-04 15:14:44.504800,STATE2b
2017-10-04 15:14:45.104800,STATE3
2017-10-04 15:14:58.906000,STATE4a
2017-10-04 15:14:59.505700,STATE4b
2017-10-04 15:15:00.106100,STATE1
2017-10-04 15:15:13.904900,STATE2a
2017-10-04 15:15:14.504900,STATE2b
2017-10-04 15:15:15.105500,STATE3
2017-10-04 15:15:28.905000,STATE4a
2017-10-04 15:15:29.505399,STATE4b
2017-10-04 15:15:30.106900,STATE1
2017-10-04 15:15:43.907600,STATE2a
2017-10-04 15:15:44.507000,STATE2b
2017-10-04 15:15:45.107400,STATE3
2017-10-04 15:15:58.908200,STATE4a
2017-10-04 15:15:59.507100,STATE4b
2017-10-04 15:16:00.107400,STATE1
2017-10-04 15:16:13.907900,STATE2a
2017-10-04 15:16:14.507499,STATE2b
2017-10-04 15:16:15.107400,STATE3
2017-10-04 15:16:28.907400,STATE4a
2017-10-04 15:16:29.506900,STATE4b
2017-10-04 15:16:30.106800,STATE1
2017-10-04 15:16:43.907400,STATE2a
2017-10-04 15:16:44.507499,STATE2b
2017-10-04 15:16:45.107400,STATE3
2017-10-04 15:16:58.907500,STATE4a
2017-10-04 15:16:59.508000,STATE4b
2017-10-04 15:17:00.106800,STATE1
2017-10-04 15:17:13.908100,STATE2a
2017-10-04 15:17:14.507700,STATE2b
2017-10-04 15:17:15.107400,STATE3
2017-10-04 15:17:28.907500,STATE4a
2017-10-04 15:17:29.506800,STATE4b
2017-10-04 15:17:30.107400,STATE1
2017-10-04 15:17:43.906900,STATE2a
2017-10-04 15:17:44.507499,STATE2b
2017-10-04 15:17:45.107400,STATE3
2017-10-04 15:17:58.907400,STATE4a
2017-10-04 15:17:59.507499,STATE4b
2017-10-04 15:18:00.107300,STATE1
2017-10-04 15:18:13.908100,STATE2a
2017-10-04 15:18:14.507300,STATE2b
2017-10-04 15:18:15.107500,STATE3
2017-10-04 15:18:28.907600,STATE4a
2017-10-04 15:18:29.507600,STATE4b
2017-10-04 15:18:30.107100,STATE1
2017-10-04 15:18:43.907300,STATE2a
2017-10-04 15:18:44.507399,STATE2b
2017-10-04 15:18:45.106900,STATE3
2017-10-04 15:18:58.907800,STATE4a
2017-10-04 15:18:59.506900,STATE4b
2017-10-04 15:19:00.107400,STATE1
2017-10-04 15:19:13.907800,STATE2a
2017-10-04 15:19:14.507000,STATE2b
2017-10-04 15:19:15.107500,STATE3
2017-10-04 15:19:28.907000,STATE4a
2017-10-04 15:19:29.507000,STATE4b
2017-10-04 15:19:30.107900,STATE1
2017-10-04 15:19:43.907100,STATE2a
2017-10-04 15:19:44.507399,STATE2b
2017-10-04 15:19:45.107400,STATE3
2017-10-04 15:19:58.907100,STATE4a
2017-10-04 15:19:59.507300,STATE4b
2017-10-04 15:20:00.106800,STATE1
2017-10-04 15:20:13.907800,STATE2a
2017-10-04 15:20:14.507000,STATE2b
2017-10-04 15:20:15.107600,STATE3
2017-10-04 15:20:28.906900,STATE4a
2017-10-04 15:20:29.507900,STATE4b
2017-10-04 15:20:30.108400,STATE1
2017-10-04 15:20:43.909100,STATE2a
2017-10-04 15:20:44.507900,STATE2b
2017-10-04 15:20:45.108600,STATE3
2017-10-04 15:20:58.909100,STATE4a
2017-10-04 15:20:59.508000,STATE4b
2017-10-04 15:21:00.109700,STATE1
2017-10-04 15:21:13.908400,STATE2a
2017-10-04 15:21:14.508600,STATE2b
2017-10-04 15:21:15.108400,STATE3
2017-10-04 15:21:28.908500,STATE4a
2017-10-04 15:21:29.508600,STATE4b
2017-10-04 15:21:30.107800,STATE1
2017-10-04 15:21:43.909000,STATE2a
2017-10-04 15:21:44.507800,STATE2b
2017-10-04 15:21:45.108400,STATE3
2017-10-04 15:21:58.908400,STATE4a
2017-10-04 15:21:59.508499,STATE4b
2017-10-04 15:22:00.108900,STATE1
2017-10-04 15:22:13.909400,STATE2a
2017-10-04 15:22:14.509000,STATE2b
2017-10-04 15:22:15.108900,STATE3
2017-10-04 15:22:28.909100,STATE4a
2017-10-04 15:22:29.508900,STATE4b
2017-10-04 15:22:30.108900,STATE1
2017-10-04 15:22:43.909500,STATE2a
2017-10-04 15:22:44.509399,STATE2b
2017-10-04 15:22:45.109400,STATE3
2017-10-04 15:22:58.908900,STATE4a
2017-10-04 15:22:59.508800,STATE4b
2017-10-04 15:23:00.108800,STATE1
2017-10-04 15:23:13.908800,STATE2a
2017-10-04 15:23:14.509100,STATE2b
2017-10-04 15:23:15.109600,STATE3
2017-10-04 15:23:28.909100,STATE4a
2017-10-04 15:23:29.509499,STATE4b
2017-10-04 15:23:30.109400,STATE1
2017-10-04 15:23:43.909500,STATE2a
2017-10-04 15:23:44.509000,STATE2b
2017-10-04 15:23:45.109400,STATE3
2017-10-04 15:23:58.909500,STATE4a
2017-10-04 15:23:59.509600,STATE4b
2017-10-04 15:24:00.109500,STATE1
2017-10-04 15:24:13.908800,STATE2a
2017-10-04 15:24:14.509499,STATE2b
2017-10-04 15:24:15.109800,STATE3
2017-10-04 15:24:28.909600,STATE4a
2017-10-04 15:24:29.509499,STATE4b
2017-10-04 15:24:30.108900,STATE1
2017-10-04 15:24:43.908900,STATE2a
2017-10-04 15:24:44.509000,STATE2b
2017-10-04 15:24:45.109400,STATE3
2017-10-04 15:24:58.909500,STATE4a
2017-10-04 15:24:59.509800,STATE4b
2017-10-04 15:25:00.109900,STATE1
2017-10-04 15:25:13.909900,STATE2a
2017-10-04 15:25:14.509700,STATE2b
2017-10-04 15:25:15.109400,STATE3
2017-10-04 15:25:28.909000,STATE4a
2017-10-04 15:25:29.509499,STATE4b
2017-10-04 15:25:30.108800,STATE1
2017-10-04 15:25:43.908800,STATE2a
2017-10-04 15:25:44.509300,STATE2b
2017-10-04 15:25:45.109400,STATE3
2017-10-04 15:25:58.909400,STATE4a
2017-10-04 15:25:59.509700,STATE4b
2017-10-04 15:26:00.109900,STATE1
2017-10-04 15:26:13.910600,STATE2a
2017-10-04 15:26:14.510600,STATE2b
2017-10-04 15:26:15.110400,STATE3
2017-10-04 15:26:28.910700,STATE4a
2017-10-04 15:26:29.510399,STATE4b
2017-10-04 15:26:30.110500,STATE1
2017-10-04 15:26:43.910800,STATE2a
2017-10-04 15:26:44.510200,STATE2b
2017-10-04 15:26:45.110400,STATE3
2017-10-04 15:26:58.910800,STATE4a
2017-10-04 15:26:59.510000,STATE4b
2017-10-04 15:27:00.109900,STATE1
2017-10-04 15:27:13.911000,STATE2a
2017-10-04 15:27:14.510499,STATE2b
2017-10-04 15:27:15.110400,STATE3
2017-10-04 15:27:28.910600,STATE4a
2017-10-04 15:27:29.510600,STATE4b
2017-10-04 15:27:30.112000,STATE1
2017-10-04 15:27:43.911500,STATE2a
2017-10-04 15:27:44.510800,STATE2b
2017-10-04 15:27:45.112100,STATE3
2017-10-04 15:27:58.911500,STATE4a
2017-10-04 15:27:59.511399,STATE4b
2017-10-04 15:28:00.112400,STATE1
2017-10-04 15:28:13.911200,STATE2a
2017-10-04 15:28:14.511399,STATE2b
2017-10-04 15:28:15.111200,STATE3
2017-10-04 15:28:28.910600,STATE4a
2017-10-04 15:28:29.510800,STATE4b
2017-10-04 15:28:30.111100,STATE1
2017-10-04 15:28:43.911100,STATE2a
2017-10-04 15:28:44.510499,STATE2b
2017-10-04 15:28:45.111100,STATE3
2017-10-04 15:28:58.910300,STATE4a
2017-10-04 15:28:59.511100,STATE4b
2017-10-04 15:29:00.110300,STATE1
2017-10-04 15:29:13.910800,STATE2a
2017-10-04 15:29:14.511000,STATE2b
2017-10-04 15:29:15.110900,STATE3
2017-10-04 15:29:28.910200,STATE4a
2017-10-04 15:29:29.510800,STATE4b
2017-10-04 15:29:30.110900,STATE1
2017-10-04 15:29:43.911000,STATE2a
2017-10-04 15:29:44.510600,STATE2b
2017-10-04 15:29:45.110700,STATE3
2017-10-04 15:29:58.910700,STATE4a
2017-10-04 15:29:59.510800,STATE4b
2017-10-04 15:30:00.110600,STATE1
2017-10-04 15:30:13.911200,STATE2a
2017-10-04 15:30:14.511399,STATE2b
2017-10-04 15:30:15.110800,STATE3
2017-10-04 15:30:28.909900,STATE4a
2017-10-04 15:30:29.511100,STATE4b
2017-10-04 15:30:30.111200,STATE1
2017-10-04 15:30:43.910500,STATE2a
2017-10-04 15:30:44.510800,STATE2b
2017-10-04 15:30:45.110300,STATE3
2017-10-04 15:30:58.910500,STATE4a
2017-10-04 15:30:59.510900,STATE4b
2017-10-04 15:31:00.110200,STATE1
2017-10-04 15:31:13.910000,STATE2a
2017-10-04 15:31:14.510000,STATE2b
2017-10-04 15:31:15.110100,STATE3
2017-10-04 15:31:28.910200,STATE4a
2017-10-04 15:31:29.510200,STATE4b
2017-10-04 15:31:30.110200,STATE1
2017-10-04 15:31:43.909600,STATE2a
2017-10-04 15:31:44.510200,STATE2b
2017-10-04 15:31:45.109700,STATE3
2017-10-04 15:31:58.910000,STATE4a
2017-10-04 15:31:59.509499,STATE4b
2017-10-04 15:32:00.112800,STATE1
2017-10-04 15:32:13.913000,STATE2a
2017-10-04 15:32:14.512200,STATE2b
2017-10-04 15:32:15.112800,STATE3
2017-10-04 15:32:28.912700,STATE4a
2017-10-04 15:32:29.512399,STATE4b
2017-10-04 15:32:30.112900,STATE1
2017-10-04 15:32:43.912000,STATE2a
2017-10-04 15:32:44.512700,STATE2b
2017-10-04 15:32:45.112600,STATE3
2017-10-04 15:32:58.912800,STATE4a
2017-10-04 15:32:59.512800,STATE4b
2017-10-04 15:33:00.112600,STATE1
2017-10-04 15:33:13.912600,STATE2a
2017-10-04 15:33:14.512800,STATE2b
2017-10-04 15:33:15.112600,STATE3
2017-10-04 15:33:28.912900,STATE4a
2017-10-04 15:33:29.512700,STATE4b
2017-10-04 15:33:30.115100,STATE1
2017-10-04 15:33:43.914800,STATE2a
2017-10-04 15:33:44.514700,STATE2b
2017-10-04 15:33:45.114600,STATE3
2017-10-04 15:33:58.914800,STATE4a
2017-10-04 15:33:59.514800,STATE4b
2017-10-04 15:34:00.114700,STATE1
2017-10-04 15:34:13.914900,STATE2a
2017-10-04 15:34:14.514499,STATE2b
2017-10-04 15:34:15.114600,STATE3
2017-10-04 15:34:28.914000,STATE4a
2017-10-04 15:34:29.515300,STATE4b
2017-10-04 15:34:30.114600,STATE1
2017-10-04 15:34:43.914700,STATE2a
2017-10-04 15:34:44.514200,STATE2b
2017-10-04 15:34:45.114700,STATE3
2017-10-04 15:34:58.914700,STATE4a
2017-10-04 15:34:59.514599,STATE4b
2017-10-04 15:35:00.115700,STATE1
2017-10-04 15:35:13.915700,STATE2a
2017-10-04 15:35:14.515700,STATE2b
2017-10-04 15:35:15.115100,STATE3
